Designator,Mid X,Mid Y,Layer,Rotation
C1,22.135mm,86.35mm,Bottom,180.0
C2,22.135mm,84.35mm,Bottom,180.0
C3,22.135mm,82.35mm,Bottom,180.0
C4,22.135mm,80.35mm,Bottom,180.0
C5,22.135mm,78.35mm,Bottom,180.0
C6,18.135mm,86.35mm,Bottom,0.0
C7,18.135mm,84.35mm,Bottom,0.0
C8,18.135mm,82.35mm,Bottom,0.0
C9,18.135mm,80.35mm,Bottom,0.0
C10,18.135mm,78.35mm,Bottom,0.0
C14,12.3mm,76.2mm,Bottom,180.0
C15,12.3mm,74.2mm,Bottom,180.0
C16,12.3mm,72.2mm,Bottom,180.0
C17,12.3mm,70.2mm,Bottom,180.0
C18,12.3mm,68.2mm,Bottom,180.0
C19,8.3mm,76.2mm,Bottom,0.0
C20,8.3mm,74.2mm,Bottom,0.0
C21,8.3mm,72.2mm,Bottom,0.0
C22,8.3mm,70.2mm,Bottom,0.0
C23,8.3mm,68.2mm,Bottom,0.0
D2,21.7mm,106.825mm,Bottom,90.0
D3,25.025mm,106.825mm,Bottom,90.0
D4,15.0mm,106.825mm,Bottom,90.0
D5,18.35mm,106.825mm,Bottom,90.0
BT1,92.7mm,13.025067mm,Top,270.0
C11,21.245mm,89.025mm,Top,180.0
C12,18.395mm,89.0mm,Top,0.0
C13,17.395mm,73.75mm,Top,0.0
C24,11.495mm,79.075mm,Top,180.0
C25,8.560001mm,79.075mm,Top,0.0
C26,7.595mm,63.25mm,Top,0.0
C27,36.968mm,38.49025mm,Top,270.0
C28,99.017977mm,34.265mm,Top,90.0
C29,92.875mm,36.024999mm,Top,90.0
C30,99.017977mm,37.655001mm,Top,270.0
C31,90.075mm,40.14mm,Top,0.0
C32,90.075mm,41.94mm,Top,0.0
C33,117.5mm,25.25mm,Top,270.0
D1,88.7mm,22.525067mm,Top,0.0
D8,96.0mm,35.965mm,Top,0.0
F1,19.235mm,66.325mm,Top,180.0
F2,24.225mm,68.325mm,Top,270.0
F3,19.235mm,68.525mm,Top,180.0
F4,19.235mm,70.725mm,Top,180.0
F5,123.625mm,92.625mm,Top,180.0
F6,130.8125mm,92.625mm,Top,180.0
F7,116.3625mm,92.55mm,Top,180.0
F8,109.1375mm,92.575mm,Top,180.0
F9,101.9125mm,92.575mm,Top,180.0
F10,94.5375mm,92.5mm,Top,180.0
G1,6.225mm,36.15mm,Top,90.0
G2,6.243mm,51.375mm,Top,90.0
G3,11.105mm,18.382mm,Top,0.0
G4,11.115mm,10.305mm,Top,0.0
J1,67.5mm,115.5mm,Top,180.0
J2,47.925mm,5.05mm,Top,90.0
J3,124.9mm,39.45mm,Top,270.0
J6,129.225mm,88.175mm,Top,0.0
J7,40.69mm,3.5mm,Top,90.0
J9,30.43mm,3.92mm,Top,0.0
JP1,130.3175mm,95.475mm,Top,90.0
JP2,123.1175mm,95.475mm,Top,90.0
JP3,115.8775mm,95.475mm,Top,90.0
JP4,108.6425mm,95.475mm,Top,90.0
JP5,101.4175mm,95.475mm,Top,90.0
JP6,94.0475mm,95.475mm,Top,90.0
JP7,65.775mm,83.94mm,Top,0.0
L1,101.417977mm,36.965mm,Top,180.0
L2,101.417977mm,34.965mm,Top,180.0
P1,18.562505mm,50.643334mm,Top,180.0
P2,15.662505mm,50.643334mm,Top,180.0
P3,49.08mm,20.941mm,Top,180.0
P4,49.105mm,17.516mm,Top,180.0
P7,118.075mm,8.75mm,Top,180.0
P8,118.075mm,11.825mm,Top,180.0
P15,26.645mm,86.3mm,Top,270.0
P16,12.17mm,81.575mm,Top,270.0
P17,27.57mm,76.675mm,Top,270.0
P18,14.945mm,63.125mm,Top,270.0
Q7,130.5425mm,103.59mm,Top,270.0
Q8,123.3125mm,103.59mm,Top,270.0
Q9,116.0825mm,103.59mm,Top,270.0
Q10,108.8525mm,103.59mm,Top,270.0
Q11,101.6225mm,103.59mm,Top,270.0
Q12,94.3925mm,103.59mm,Top,270.0
R1,48.8mm,105.8mm,Top,0.0
R2,28.52mm,70.575mm,Top,270.0
R3,28.52mm,73.575mm,Top,270.0
R4,81.625mm,24.425mm,Top,180.0
R7,29.304814mm,10.875mm,Top,270.0
R8,31.804814mm,10.875mm,Top,270.0
R9,22.97mm,73.725mm,Top,0.0
R10,26.8575mm,97.004144mm,Top,180.0
R11,29.6075mm,97.004144mm,Top,180.0
R12,20.9575mm,97.004144mm,Top,180.0
R13,23.7075mm,97.004144mm,Top,180.0
R14,12.37mm,63.1mm,Top,270.0
R15,15.0325mm,97.0mm,Top,0.0
R16,17.7825mm,97.0mm,Top,0.0
R17,128.2675mm,95.575mm,Top,270.0
R18,121.0175mm,95.575mm,Top,270.0
R19,113.7925mm,95.575mm,Top,270.0
R23,106.5675mm,95.575mm,Top,270.0
R24,99.3425mm,95.575mm,Top,270.0
R25,92.0925mm,95.575mm,Top,270.0
R29,61.925mm,97.966712mm,Top,0.0
R30,66.075mm,97.970856mm,Top,180.0
R31,69.98mm,97.966712mm,Top,0.0
R32,74.155mm,97.970856mm,Top,180.0
R33,77.575mm,97.970856mm,Top,0.0
R34,81.725mm,97.975mm,Top,180.0
R35,91.15mm,70.1mm,Top,180.0
R36,91.15mm,72.6mm,Top,180.0
R37,91.15mm,75.1mm,Top,180.0
R38,87.7mm,70.1mm,Top,180.0
R39,87.7mm,72.6mm,Top,180.0
R40,87.7mm,75.1mm,Top,180.0
U1,20.685mm,81.475mm,Top,270.0
U2,10.85mm,71.175mm,Top,270.0
U3,27.543mm,28.277mm,Top,180.0
U4,88.375mm,36.04mm,Top,90.0
U5,109.05mm,14.275mm,Top,180.0
U6,16.2325mm,102.025mm,Top,0.0
U7,28.1075mm,102.025mm,Top,0.0
U8,22.17mm,102.025mm,Top,0.0
U9,64.65mm,102.545856mm,Top,0.0
U10,72.68mm,102.545856mm,Top,0.0
U11,80.275mm,102.55mm,Top,0.0
R428,71.570502mm,20.8094mm,Bottom,180.0
R427,72.92500199999999mm,7.675mm,Bottom,90.0
R426,72.565102mm,19.2008mm,Top,0.0
R425,65.450002mm,17.892699999999998mm,Top,180.0
R424,63.152902mm,17.892699999999998mm,Top,0.0
LED4,73.813902mm,6.1331mm,Top,0.0
LED3,70.415802mm,19.2008mm,Top,180.0
LED2,65.42500199999999mm,18.9741mm,Top,180.0
LED1,63.177901999999996mm,18.9741mm,Top,0.0
R422,73.92500199999999mm,11.9834mm,Bottom,270.0
C426,68.525002mm,18.215mm,Top,90.0
C425,68.525002mm,15.525mm,Top,270.0
F410,60.258202mm,12.682mm,Top,90.0
C415,74.225002mm,17.848399999999998mm,Bottom,90.0
C414,64.715002mm,16.8734mm,Bottom,270.0
U411,69.575002mm,15.4472mm,Bottom,180.0
D410,60.558201999999994mm,8.325mm,Bottom,270.0
R411,57.658202mm,8.4234mm,Bottom,0.0
D417,57.425002mm,11.0734mm,Bottom,270.0
C410,59.365002mm,16.317999999999998mm,Bottom,270.0
D412,56.808201999999994mm,11.975mm,Top,270.0
R410,56.775002mm,9.1984mm,Top,90.0
D413,58.433201999999994mm,11.975mm,Top,270.0
C411,59.225001999999996mm,11.0484mm,Bottom,90.0
R413,60.758202mm,11.0484mm,Bottom,90.0
D414,59.225001999999996mm,8.525mm,Bottom,90.0
D418,64.42500199999999mm,12.254999999999999mm,Top,90.0
D416,60.331301999999994mm,17.1266mm,Top,270.0
U410,57.725001999999996mm,16.723399999999998mm,Top,270.0
C412,57.325002mm,16.317999999999998mm,Bottom,270.0
C413,58.162102mm,14.3484mm,Top,180.0
D411,59.233502mm,8.6734mm,Top,90.0
U420,68.333202mm,9.5884mm,Bottom,270.0
R420,59.908102mm,13.6984mm,Bottom,180.0
C429,72.92500199999999mm,11.8834mm,Bottom,90.0
C427,59.723102mm,12.604700000000001mm,Bottom,0.0
C428,72.92500199999999mm,9.6943mm,Bottom,270.0
C423,62.833202mm,10.5216mm,Bottom,180.0
C421,62.833202mm,11.7132mm,Bottom,180.0
C422,62.833202mm,12.9047mm,Bottom,180.0
C424,62.833202mm,9.325mm,Bottom,0.0
R421,64.595002mm,13.079699999999999mm,Bottom,90.0
R423,73.92500199999999mm,9.7943mm,Bottom,270.0
D420,74.92500199999999mm,11.325mm,Top,90.0
C420,62.425002mm,8.275mm,Bottom,0.0
L420,62.525002mm,16.225mm,Bottom,270.0
D421,72.885802mm,16.575mm,Top,0.0
L421,70.325002mm,10.825mm,Top,90.0
C474,100.14mm,72.92139999999999mm,Bottom,180.0
R470,99.22500000000001mm,76.575mm,Bottom,90.0
U471,100.17200000000001mm,71.53999999999999mm,Top,90.0
R474,100.1396mm,70.675mm,Bottom,90.0
R473,99.67500000000001mm,71.9346mm,Bottom,180.0
R472,99.22500000000001mm,74.45mm,Bottom,90.0
C473,101.125mm,70.575mm,Bottom,90.0
C472,99.275mm,70.575mm,Bottom,270.0
U470,100.17200000000001mm,75.515mm,Top,90.0
R471,100.125mm,76.575mm,Bottom,270.0
C471,101.125mm,76.52499999999999mm,Bottom,270.0
C470,101.125mm,74.39999999999999mm,Bottom,90.0
C752,40.04mm,90.4125mm,Bottom,90.0
C753,38.114999999999995mm,90.4375mm,Bottom,270.0
C755,43.239999999999995mm,92.4375mm,Bottom,270.0
C756,43.239999999999995mm,94.57249999999999mm,Bottom,270.0
C757,42.29mm,94.57249999999999mm,Bottom,270.0
C760,36.54mm,99.76249999999999mm,Bottom,180.0
C761,44.129999999999995mm,102.71249999999999mm,Bottom,90.0
C762,38.375389mm,99.76606299999999mm,Bottom,0.0
C764,43.239999999999995mm,90.61749999999999mm,Bottom,90.0
C766,44.17mm,90.5675mm,Bottom,90.0
R752,38.489mm,102.00324699999999mm,Bottom,270.0
R753,36.565mm,102.00324699999999mm,Bottom,90.0
R754,42.29mm,90.51249999999999mm,Bottom,90.0
R757,41.339999999999996mm,90.5625mm,Bottom,270.0
R760,39.065mm,90.4375mm,Bottom,270.0
R761,42.29mm,92.38749999999999mm,Bottom,90.0
R762,41.339999999999996mm,92.46249999999999mm,Bottom,90.0
R763,36.03mm,90.5525mm,Bottom,270.0
R765,44.17mm,94.57249999999999mm,Bottom,90.0
R766,41.340073mm,94.559585mm,Bottom,90.0
U752,42.94mm,97.5625mm,Bottom,270.0
U753,38.089999999999996mm,95.34678299999999mm,Bottom,180.0
U757,41.860783999999995mm,101.6625mm,Bottom,270.0
C751,37.44mm,98.58749999999999mm,Top,180.0
C754,36.46mm,95.01249999999999mm,Top,0.0
C758,36.46mm,92.71249999999999mm,Top,180.0
C759,38.451592999999995mm,95.01249999999999mm,Top,0.0
C763,39.69mm,102.71249999999999mm,Top,90.0
C765,41.51mm,99.5525mm,Top,270.0
C767,38.451592999999995mm,92.71249999999999mm,Top,0.0
C768,42.76mm,97.32249999999999mm,Top,0.0
C769,39.04mm,90.2225mm,Top,90.0
D751,40.93mm,102.2725mm,Top,270.0
R751,42.54mm,102.4125mm,Top,90.0
R755,38.839999999999996mm,98.07249999999999mm,Top,90.0
R756,35.964999999999996mm,98.11749999999999mm,Top,270.0
R758,37.404215mm,97.3625mm,Top,180.0
R759,39.839999999999996mm,98.07249999999999mm,Top,270.0
R764,36.46mm,94.01249999999999mm,Top,0.0
R767,38.451592999999995mm,96.01249999999999mm,Top,180.0
R768,38.451592999999995mm,94.01249999999999mm,Top,0.0
R769,36.46mm,96.01249999999999mm,Top,0.0
R770,39.849999999999994mm,99.9725mm,Top,270.0
U751,37.521597mm,101.336794mm,Top,90.0
U754,42.14mm,93.16447mm,Top,180.0
U755,43.43mm,99.35249999999999mm,Top,270.0
U756,37.04mm,90.815705mm,Top,0.0
C771,52.275mm,96.10000000000001mm,Top,180.0
C772,51.574999999999996mm,91.2mm,Top,90.0
C773,52.922905mm,91.2mm,Top,90.0
D771,54.775mm,94.3mm,Top,90.0
R771,48.574999999999996mm,100.7mm,Top,90.0
R772,52.375mm,102.60000000000001mm,Top,180.0
R773,50.975mm,99.0mm,Top,90.0
R774,53.475mm,99.0mm,Top,90.0
R775,52.275mm,94.8mm,Top,180.0
R776,54.725mm,91.2mm,Top,90.0
R777,52.275mm,93.3mm,Top,180.0
U771,49.074999999999996mm,93.4mm,Top,270.0
C601,122.60000000000001mm,63.225mm,Bottom,180.0
C602,122.60000000000001mm,64.175mm,Bottom,180.0
C603,120.4mm,64.175mm,Bottom,0.0
C604,122.60000000000001mm,65.125mm,Bottom,180.0
C605,120.941668mm,51.300000000000004mm,Bottom,270.0
C606,120.4mm,65.125mm,Bottom,180.0
C607,124.825mm,47.625mm,Bottom,270.0
C608,131.07500000000002mm,64.9mm,Bottom,90.0
C617,128.424628mm,70.72500000000001mm,Bottom,180.0
C618,122.825mm,68.300064mm,Bottom,270.0
D604,120.65mm,68.7mm,Bottom,90.0
R602,125.7mm,56.400000000000006mm,Bottom,90.0
R603,127.7mm,57.175000000000004mm,Bottom,270.0
R604,120.4mm,63.225mm,Bottom,0.0
R605,126.7mm,57.2mm,Bottom,90.0
R606,125.97500000000001mm,48.6mm,Bottom,90.0
R607,119.875mm,51.300000000000004mm,Bottom,90.0
R608,126.7mm,55.300000000000004mm,Bottom,270.0
R609,131.05mm,62.300000000000004mm,Bottom,90.0
R610,123.45mm,53.225mm,Bottom,90.0
R611,123.45mm,51.300000000000004mm,Bottom,90.0
R612,122.183334mm,51.300000000000004mm,Bottom,270.0
R613,129.35mm,61.325mm,Bottom,0.0
R614,130.125mm,64.904291mm,Bottom,270.0
R615,129.65mm,62.85mm,Bottom,270.0
R616,129.625mm,47.650000000000006mm,Bottom,90.0
R618,127.7mm,59.925000000000004mm,Bottom,90.0
R619,126.7mm,59.1mm,Bottom,90.0
R620,125.7mm,59.1mm,Bottom,270.0
R621,130.56mm,70.72500000000001mm,Bottom,180.0
R622,129.625mm,49.6mm,Bottom,270.0
R623,125.7mm,60.975mm,Bottom,90.0
R624,132.025mm,64.9mm,Bottom,270.0
R629,126.41365200000001mm,70.715mm,Bottom,0.0
R630,129.14000000000001mm,55.885000000000005mm,Bottom,90.0
U600,122.15mm,58.675000000000004mm,Bottom,180.0
U601,131.07500000000002mm,68.025mm,Bottom,270.0
U605,126.34962800000001mm,66.525mm,Bottom,90.0
C600,120.775mm,56.4375mm,Top,180.0
C609,122.2mm,64.75mm,Top,180.0
C610,128.75mm,70.148mm,Top,270.0
C611,126.85000000000001mm,55.325mm,Top,180.0
C612,128.75mm,55.325mm,Top,0.0
C613,124.22500000000001mm,69.25mm,Top,270.0
C614,124.72500000000001mm,55.325mm,Top,0.0
C615,131.525mm,65.425mm,Top,0.0
C616,126.6875mm,67.10000000000001mm,Top,180.0
D600,121.625mm,46.725mm,Top,0.0
D601,120.30000000000001mm,59.5mm,Top,90.0
D602,120.30000000000001mm,62.475mm,Top,270.0
D603,131.13mm,67.00745mm,Top,180.0
Q600,124.85000000000001mm,51.165000000000006mm,Top,0.0
Q601,131.525mm,51.075mm,Top,90.0
R600,122.67500000000001mm,55.375mm,Top,180.0
R601,120.775mm,55.375mm,Top,180.0
R617,131.525mm,56.625mm,Top,0.0
R625,124.2mm,67.275mm,Top,270.0
R626,120.775mm,57.5mm,Top,180.0
R627,120.325mm,64.625mm,Top,180.0
R628,128.75mm,67.5mm,Top,90.0
U602,127.0mm,60.975mm,Top,0.0
U603,131.0mm,69.60000000000001mm,Top,180.0
U604,126.525mm,69.55mm,Top,270.0
R148,70.050005mm,31.500005mm,Bottom,0.0
R142,68.650005mm,30.600005000000003mm,Bottom,0.0
U108,52.469804999999994mm,63.691005000000004mm,Top,180.0
VD103,49.65000499999999mm,59.105005000000006mm,Bottom,90.0
U101,77.70000499999999mm,34.25360500000001mm,Top,90.0
C119,70.049905mm,38.980605000000004mm,Bottom,180.0
R147,61.038405mm,31.183705000000003mm,Bottom,180.0
R146,80.716105mm,32.600005mm,Bottom,90.0
R141,67.650005mm,30.600005000000003mm,Bottom,0.0
U102,72.593505mm,35.97150500000001mm,Bottom,0.0
R109,72.533705mm,36.567205mm,Top,0.0
R108,75.45000499999999mm,36.956005000000005mm,Bottom,0.0
Q103,71.807205mm,34.50320500000001mm,Top,0.0
Q102,67.255005mm,31.900005000000007mm,Top,0.0
Q101,72.977505mm,31.665005000000008mm,Bottom,180.0
Q100,76.350005mm,34.30500500000001mm,Bottom,90.0
L100,66.450605mm,50.350005mm,Bottom,0.0
F100,64.595005mm,31.671605000000007mm,Bottom,0.0
C120,68.34990499999999mm,50.500505000000004mm,Top,180.0
C107,73.471505mm,33.90000500000001mm,Bottom,180.0
C106,73.446505mm,38.243105mm,Bottom,180.0
U110,73.89690499999999mm,40.29510500000001mm,Bottom,90.0
R145,73.857805mm,43.25530500000001mm,Bottom,180.0
R144,73.857805mm,42.309805000000004mm,Bottom,180.0
R143,80.453205mm,54.468805mm,Bottom,90.0
R107,71.736105mm,32.321605000000005mm,Top,180.0
D108,72.09690499999999mm,30.950005000000004mm,Top,0.0
U107,50.743505mm,54.496105mm,Bottom,180.0
U106,50.057604999999995mm,41.068205000000006mm,Top,180.0
C134,50.743505mm,56.23240500000001mm,Bottom,180.0
C126,49.754805mm,39.124905000000005mm,Top,0.0
VD102,53.003805mm,59.105005000000006mm,Bottom,90.0
VD101,49.65000499999999mm,63.495005000000006mm,Bottom,270.0
VD100,53.003805mm,63.495005000000006mm,Bottom,270.0
U109,52.469804999999994mm,61.216005mm,Top,180.0
U103,75.350005mm,47.875005mm,Bottom,90.0
U100,77.749905mm,41.199505mm,Top,270.0
U195,70.550005mm,55.350005mm,Top,270.0
U190,56.350004999999996mm,55.350005mm,Top,270.0
U185,77.650005mm,55.350005mm,Top,270.0
U180,63.450005mm,55.350005mm,Top,270.0
S101,61.650304999999996mm,32.085705000000004mm,Top,180.0
S100,50.503505mm,45.200005000000004mm,Top,270.0
R140,56.549904999999995mm,61.40000500000001mm,Bottom,180.0
R111,80.350005mm,50.050005000000006mm,Bottom,0.0
R112,80.350005mm,49.000005mm,Bottom,0.0
R117,80.350005mm,43.750005mm,Bottom,0.0
R115,80.350005mm,45.850005mm,Bottom,0.0
R116,80.350005mm,44.800005000000006mm,Bottom,0.0
R114,80.350005mm,46.90000500000001mm,Bottom,0.0
R113,80.350005mm,47.950005000000004mm,Bottom,0.0
R110,80.350005mm,51.100005mm,Bottom,0.0
R120,50.031704999999995mm,37.913005000000005mm,Top,180.0
R100,80.64990499999999mm,41.200005000000004mm,Bottom,270.0
R258,59.89230499999999mm,61.905105000000006mm,Bottom,90.0
R255,80.70000499999999mm,63.800005000000006mm,Bottom,90.0
R256,58.950005mm,59.200005000000004mm,Bottom,270.0
R254,80.800005mm,61.350005mm,Top,90.0
R245,63.249905mm,62.850005mm,Bottom,180.0
R227,68.050005mm,62.850005mm,Bottom,180.0
R200,77.64990499999999mm,62.850005mm,Bottom,180.0
R197,70.549905mm,54.000005mm,Bottom,0.0
R196,70.550005mm,56.800005000000006mm,Bottom,180.0
R195,67.699905mm,57.300005000000006mm,Bottom,90.0
R191,56.450005mm,54.000005mm,Bottom,0.0
R190,56.450005mm,56.800005000000006mm,Bottom,180.0
R186,77.650005mm,54.000005mm,Bottom,0.0
R185,77.650005mm,56.800005000000006mm,Bottom,180.0
R181,63.450005mm,54.000005mm,Bottom,0.0
R180,63.450005mm,56.800005000000006mm,Bottom,180.0
R139,55.350004999999996mm,63.90000500000001mm,Top,90.0
R138,56.550005mm,63.90000500000001mm,Top,90.0
R137,57.750004999999994mm,63.90000500000001mm,Top,90.0
R136,58.950005mm,63.90000500000001mm,Top,90.0
R135,55.350004999999996mm,62.90000500000001mm,Top,270.0
R132,56.550005mm,62.90000500000001mm,Top,270.0
R126,57.750004999999994mm,62.90000500000001mm,Top,270.0
R124,58.950005mm,62.90000500000001mm,Top,270.0
R119,79.750005mm,50.000005mm,Top,270.0
R118,79.750005mm,45.90000500000001mm,Top,270.0
R253,61.350004999999996mm,63.90000500000001mm,Top,270.0
R252,62.550005mm,63.90000500000001mm,Top,270.0
R251,63.750004999999994mm,63.90000500000001mm,Top,270.0
R250,64.950005mm,63.90000500000001mm,Top,270.0
R249,61.350004999999996mm,62.90000500000001mm,Top,90.0
R248,62.550005mm,62.90000500000001mm,Top,90.0
R247,63.750004999999994mm,62.90000500000001mm,Top,90.0
R246,64.950005mm,62.90000500000001mm,Top,90.0
R235,66.150005mm,63.90000500000001mm,Top,270.0
R234,67.350005mm,63.90000500000001mm,Top,270.0
R233,68.550005mm,63.90000500000001mm,Top,270.0
R232,69.750005mm,63.90000500000001mm,Top,270.0
R231,66.150005mm,62.90000500000001mm,Top,90.0
R230,67.350005mm,62.90000500000001mm,Top,90.0
R229,68.550005mm,62.90000500000001mm,Top,90.0
R228,69.750005mm,62.90000500000001mm,Top,90.0
R226,70.95000499999999mm,63.90000500000001mm,Top,90.0
R225,72.150005mm,63.90000500000001mm,Top,90.0
R224,73.350005mm,63.90000500000001mm,Top,90.0
R223,74.550005mm,63.90000500000001mm,Top,90.0
R222,70.95000499999999mm,62.90000500000001mm,Top,270.0
R221,72.150005mm,62.90000500000001mm,Top,270.0
R220,73.350005mm,62.90000500000001mm,Top,270.0
R219,74.550005mm,62.90000500000001mm,Top,270.0
R218,72.850005mm,62.850005mm,Bottom,180.0
R208,75.750005mm,63.90000500000001mm,Top,90.0
R207,76.95000499999999mm,63.90000500000001mm,Top,90.0
R206,78.150005mm,63.90000500000001mm,Top,90.0
R205,79.350005mm,63.90000500000001mm,Top,90.0
R204,75.750005mm,62.90000500000001mm,Top,270.0
R203,76.95000499999999mm,62.90000500000001mm,Top,270.0
R202,78.150005mm,62.90000500000001mm,Top,270.0
R201,79.350005mm,62.90000500000001mm,Top,270.0
P106,58.450005mm,51.950005000000004mm,Top,90.0
P105,66.070005mm,51.950005000000004mm,Top,90.0
P104,62.060005mm,51.950005000000004mm,Top,90.0
P201,60.100004999999996mm,63.40000500000001mm,Top,270.0
P200,80.650005mm,64.90000500000001mm,Top,270.0
J100,54.90000499999999mm,42.100005mm,Bottom,270.0
D100,77.250005mm,41.90770500000001mm,Bottom,0.0
D205,50.653504999999996mm,56.64360500000001mm,Top,270.0
D206,63.15000499999999mm,60.100005mm,Top,0.0
D203,67.95000499999999mm,60.100005mm,Top,0.0
D200,77.550005mm,60.100005mm,Top,0.0
D116,76.213905mm,51.300505mm,Top,0.0
D115,71.975605mm,51.300505mm,Top,0.0
D114,76.213905mm,49.36710500000001mm,Top,0.0
D113,71.975605mm,49.36710500000001mm,Top,0.0
D112,76.213905mm,47.43380500000001mm,Top,0.0
D111,71.975605mm,47.43380500000001mm,Top,0.0
D110,76.213905mm,45.500505000000004mm,Top,0.0
D109,72.09690499999999mm,45.36110500000001mm,Top,0.0
D202,72.750005mm,60.100005mm,Top,0.0
C143,58.950005mm,61.000005mm,Top,90.0
C144,57.750004999999994mm,61.000005mm,Top,270.0
C145,56.550005mm,61.000005mm,Top,90.0
C146,55.350004999999996mm,61.000005mm,Top,90.0
C112,70.03780499999999mm,51.614705mm,Bottom,180.0
C111,80.350005mm,52.100005mm,Bottom,0.0
C123,54.750004999999994mm,33.475005mm,Bottom,180.0
C117,54.750004999999994mm,32.207505000000005mm,Bottom,180.0
C105,76.550005mm,39.700005000000004mm,Bottom,180.0
C100,79.12250499999999mm,39.700005000000004mm,Bottom,0.0
C229,58.950005mm,61.905105000000006mm,Bottom,270.0
C224,80.800005mm,63.300005000000006mm,Top,270.0
C223,80.800005mm,59.050005000000006mm,Top,270.0
C222,80.750005mm,62.000005mm,Bottom,90.0
C221,60.527305mm,59.227205000000005mm,Top,90.0
C220,60.634705mm,59.200005000000004mm,Bottom,90.0
C225,65.14990499999999mm,60.15000500000001mm,Bottom,90.0
C226,64.050005mm,60.15000500000001mm,Bottom,90.0
C227,61.899905mm,60.15000500000001mm,Bottom,90.0
C228,60.834705mm,62.905105000000006mm,Bottom,270.0
C212,69.949905mm,60.15000500000001mm,Bottom,90.0
C213,68.850005mm,60.15000500000001mm,Bottom,90.0
C214,66.699905mm,60.15000500000001mm,Bottom,90.0
C215,65.655605mm,62.905105000000006mm,Bottom,270.0
C200,79.549905mm,60.15000500000001mm,Bottom,90.0
C201,78.45000499999999mm,60.15000500000001mm,Bottom,90.0
C202,76.299905mm,60.15000500000001mm,Bottom,90.0
C203,75.25950499999999mm,62.905105000000006mm,Bottom,270.0
C195,67.699905mm,54.700005000000004mm,Bottom,90.0
C190,53.600004999999996mm,54.850005mm,Bottom,90.0
C185,74.800005mm,54.700005000000004mm,Bottom,90.0
C180,60.600004999999996mm,54.700005000000004mm,Bottom,90.0
C142,55.350004999999996mm,63.90000500000001mm,Bottom,90.0
C141,56.550005mm,63.90000500000001mm,Bottom,90.0
C139,57.749905mm,63.90000500000001mm,Bottom,270.0
C135,58.950005mm,63.90000500000001mm,Bottom,90.0
C211,70.44190499999999mm,62.905105000000006mm,Bottom,270.0
C210,71.499905mm,60.15000500000001mm,Bottom,90.0
C209,73.650005mm,60.15000500000001mm,Bottom,90.0
C208,74.749905mm,60.15000500000001mm,Bottom,90.0
C147,64.00000499999999mm,46.491305000000004mm,Bottom,0.0
F101,79.050005mm,33.302805000000006mm,Bottom,270.0
R134,69.800005mm,33.800005000000006mm,Bottom,180.0
R133,69.800005mm,32.625005mm,Bottom,180.0
C133,69.650005mm,35.910005000000005mm,Bottom,270.0
R131,62.854005mm,50.556205000000006mm,Bottom,0.0
R130,69.549905mm,45.375005mm,Bottom,270.0
R129,69.549905mm,49.250005mm,Bottom,270.0
Y101,67.262605mm,37.48260500000001mm,Bottom,180.0
C116,66.321405mm,38.971405000000004mm,Bottom,0.0
C115,68.185605mm,38.957705000000004mm,Bottom,180.0
C124,64.00000499999999mm,47.631105000000005mm,Bottom,180.0
R121,54.32460499999999mm,31.123005000000006mm,Bottom,0.0
R106,60.500004999999994mm,32.975005mm,Bottom,180.0
J101,55.15000499999999mm,32.250005mm,Top,0.0
C108,68.050005mm,35.90000500000001mm,Bottom,180.0
R105,50.100905mm,48.518905000000004mm,Top,180.0
R104,50.300905mm,49.708905mm,Top,180.0
R103,50.100905mm,50.818905mm,Top,180.0
R125,49.550005mm,62.380005000000004mm,Top,90.0
C104,75.70000499999999mm,31.300005000000006mm,Bottom,270.0
C137,68.354805mm,51.591505000000005mm,Top,180.0
D101,78.92050499999999mm,37.055505000000004mm,Bottom,0.0
C101,51.958405mm,31.123005000000006mm,Bottom,0.0
R102,80.12250499999999mm,38.625505000000004mm,Bottom,0.0
R101,69.549905mm,41.500005mm,Bottom,90.0
D102,50.250004999999994mm,32.500005mm,Top,270.0
Y102,64.60620499999999mm,42.51350500000001mm,Bottom,270.0
R122,50.250004999999994mm,52.700005000000004mm,Bottom,180.0
R123,52.540205mm,54.72410500000001mm,Bottom,90.0
R127,64.450005mm,36.800005000000006mm,Bottom,0.0
R128,60.772205mm,50.556205000000006mm,Bottom,0.0
D106,72.09690499999999mm,37.93510500000001mm,Top,0.0
D105,72.09690499999999mm,39.735105000000004mm,Top,0.0
D107,65.945005mm,34.210505000000005mm,Bottom,0.0
D104,72.09690499999999mm,41.535105mm,Top,0.0
D103,72.09690499999999mm,43.335105000000006mm,Top,0.0
C140,64.450005mm,37.90000500000001mm,Bottom,180.0
C132,66.882505mm,41.524905000000004mm,Bottom,270.0
C136,66.882505mm,43.600105mm,Bottom,90.0
C127,56.250004999999994mm,50.556205000000006mm,Bottom,180.0
C138,80.716105mm,34.527805mm,Bottom,270.0
C130,66.232505mm,48.646505000000005mm,Bottom,180.0
C131,56.250004999999994mm,51.700005000000004mm,Bottom,180.0
C122,66.232505mm,46.491305000000004mm,Bottom,0.0
C114,50.381705mm,36.700005000000004mm,Top,180.0
C103,76.750005mm,31.300005000000006mm,Bottom,270.0
C113,50.381705mm,35.500005mm,Top,0.0
C102,76.550005mm,38.625505000000004mm,Bottom,0.0
U105,60.840605mm,42.65000500000001mm,Top,90.0
R430,22.475006999999998mm,54.074996999999996mm,Top,180.0
C431,30.125006999999997mm,50.624997mm,Top,0.0
C430,26.425007mm,50.624997mm,Top,180.0
U430,27.745006999999998mm,53.874997mm,Top,90.0
D430,22.475006999999998mm,51.654997mm,Top,90.0
